df,df,df,df,df,df,df,df,df,df,df,df,df,df,df,df,df,df,df,df,df,df,df,df,df,df,df,we,dc,sa,vc,bn,gh,gb,fgh,fgh,vgh,mgh,vgh,qgh,ggh,lgh,pgh,ogh,igh,ygh,tgh,zgh,agh,qgh,fgh,dgh,mgh,fgh,tgh,vgh,agh,sgh,dgh,fgh,vgh,fgh,ggh,fgfggh,
51,72,20,99,57,51,24,69,85,12,68,49,90,15,75,80,59,16,34,92,95,12,90,51,51,45,70,39,49,67,80,18,91,22,90,68,45,20,71,39,97,38,47,68,34,58,27,57,95,36,25,38,82,66,89,71,92,90,81,98,55,30,16,22,
69,84,68,88,69,64,22,88,73,43,15,95,33,44,67,35,43,45,54,94,32,86,90,62,19,79,85,75,68,33,80,39,35,12,37,94,66,83,46,49,81,75,81,53,38,13,50,20,11,31,20,70,90,75,43,28,31,77,69,86,97,25,27,84,
39,98,58,40,87,61,34,49,14,44,45,77,62,72,12,26,36,48,19,20,73,31,49,95,65,16,61,50,40,37,57,17,51,62,72,18,84,89,98,55,12,64,66,72,76,31,39,79,54,23,21,51,94,32,43,26,46,13,61,80,59,22,60,22,
33,39,59,67,84,77,75,91,77,63,98,19,79,27,95,38,89,54,90,40,92,59,63,37,36,33,82,27,80,97,33,98,40,59,15,42,96,89,33,87,73,56,63,65,29,16,74,64,24,63,63,66,13,96,53,44,68,61,15,38,57,92,88,59,
50,12,72,11,68,29,75,63,89,72,59,53,51,38,83,92,50,83,14,27,70,99,58,53,41,75,76,89,22,75,58,87,61,46,12,29,81,43,12,85,74,38,63,57,68,12,39,30,38,65,27,86,86,62,81,75,66,30,30,69,14,72,95,77,
61,51,62,71,49,69,96,78,53,67,83,46,46,73,23,47,11,13,30,86,95,21,10,21,98,70,36,96,19,89,59,29,95,70,76,48,50,59,11,40,45,13,16,15,59,72,98,50,27,36,98,69,67,21,88,51,13,16,39,64,41,16,73,26,
49,72,95,22,65,81,82,49,79,54,40,87,93,94,87,40,87,67,50,81,47,19,55,58,19,86,62,52,71,17,19,93,26,45,31,27,73,94,37,70,20,56,88,83,36,36,69,16,45,50,66,47,89,68,89,86,38,29,66,54,58,73,73,89,
60,82,89,60,76,68,74,16,41,11,93,22,74,29,44,15,67,94,31,17,26,19,86,91,37,86,10,80,44,41,14,44,90,97,26,84,66,21,15,85,97,52,25,48,60,28,33,78,48,70,59,83,15,20,40,37,25,14,83,97,75,24,74,68,
49,61,31,63,11,96,18,33,25,26,25,63,19,84,12,70,96,61,65,89,38,47,77,24,10,87,26,53,96,68,43,53,87,72,23,14,76,68,46,66,26,59,20,42,31,43,72,47,30,84,53,81,47,74,14,64,83,95,69,94,60,67,82,85,
90,73,52,27,51,26,60,77,62,11,38,16,21,20,33,70,72,30,19,83,57,26,61,75,98,15,64,41,32,82,49,91,16,63,56,46,52,87,13,95,57,59,59,81,15,42,44,76,79,40,98,36,38,84,50,90,73,27,16,14,72,44,86,82,
39,56,17,23,34,41,60,97,41,14,55,24,52,68,43,58,96,68,79,84,83,55,79,42,26,41,30,82,46,48,62,39,26,61,78,96,16,88,35,57,95,13,71,38,93,61,99,37,30,89,70,78,31,26,46,42,69,75,62,68,64,43,10,64,
39,30,63,59,43,57,17,90,76,76,96,87,25,41,85,92,74,25,57,83,27,64,63,73,37,43,65,13,38,47,12,87,63,56,17,23,52,67,15,58,98,16,80,38,11,51,78,14,84,61,24,13,79,85,90,40,54,41,84,64,33,72,93,11,
57,33,90,76,63,96,73,49,36,71,77,33,36,30,84,63,77,50,99,16,94,65,16,55,78,61,15,41,49,57,20,48,38,53,97,33,29,42,50,22,46,43,19,45,86,82,31,61,28,89,22,18,24,19,67,83,67,58,59,38,93,48,86,50,
26,19,57,42,21,40,48,89,77,73,45,74,48,65,74,27,86,41,14,56,75,18,73,24,69,64,75,41,96,45,30,75,85,92,55,42,72,97,47,57,35,80,28,11,52,37,37,89,47,85,40,13,20,22,28,23,17,41,75,47,43,51,88,89,
89,98,58,80,54,34,55,83,31,23,37,42,20,60,92,47,34,25,55,48,21,77,23,60,78,36,74,81,47,76,28,19,41,59,11,57,78,69,62,13,81,99,82,79,89,82,34,96,31,75,32,89,63,27,19,87,54,98,75,95,70,21,89,51,
18,27,24,42,68,34,19,11,22,26,20,98,62,90,19,66,92,75,54,47,92,95,63,50,53,76,27,73,75,12,89,41,23,14,97,56,18,38,88,48,39,98,53,23,66,72,27,86,72,31,55,59,14,37,12,90,25,82,96,69,16,39,20,43,
71,54,50,98,32,93,36,15,64,37,10,38,32,31,11,14,64,17,85,84,81,18,13,70,75,94,17,11,84,93,36,66,64,13,68,47,79,97,99,95,87,82,79,19,37,24,99,26,42,91,25,53,29,99,76,35,17,74,58,65,59,38,55,32,
28,89,34,40,11,23,39,19,15,90,46,14,17,80,63,25,51,21,31,23,18,61,20,38,49,57,20,45,51,91,83,45,81,86,87,77,91,42,75,67,37,43,73,54,30,61,82,52,20,49,52,97,14,77,26,96,62,42,69,73,13,34,78,37,
57,34,31,53,94,27,98,29,18,70,34,85,89,28,93,26,93,55,68,64,44,85,12,31,25,30,61,64,94,65,40,46,96,34,56,90,47,71,30,78,12,84,61,79,88,63,34,89,54,19,30,17,63,88,26,25,75,48,50,67,54,49,47,47,
14,82,93,19,54,61,72,33,88,53,40,17,17,81,70,35,80,33,19,94,82,59,62,58,67,47,17,60,71,33,12,72,48,59,40,15,78,38,78,90,95,54,54,53,79,22,19,78,15,83,57,75,29,66,54,43,83,95,18,24,50,50,22,12,
87,53,44,38,98,20,45,53,67,83,40,37,35,32,64,47,58,17,19,32,69,70,68,84,50,40,37,11,28,95,25,62,15,45,30,25,57,78,81,97,68,16,70,22,29,19,71,51,62,56,57,33,75,94,70,29,83,15,72,13,51,36,69,56,
76,47,56,37,57,28,18,43,26,22,51,39,79,38,93,48,91,24,70,33,33,37,71,73,89,81,52,88,30,71,28,19,98,75,11,32,98,66,48,86,55,29,49,74,69,74,32,34,88,32,86,80,86,66,30,50,63,33,75,51,91,59,71,73,
32,24,95,55,42,85,18,19,65,77,37,65,65,32,70,45,82,71,56,48,16,67,34,15,42,95,97,62,86,56,29,86,76,63,86,84,62,34,39,88,42,69,19,60,21,12,51,18,69,65,18,23,20,87,11,79,55,78,56,94,91,31,89,66,
86,21,68,84,23,28,36,85,78,14,46,78,69,74,83,26,26,64,86,42,89,92,12,91,58,84,92,82,93,25,49,80,47,38,58,67,76,68,88,35,78,61,20,62,29,26,99,57,38,17,14,50,49,21,40,14,30,67,97,24,76,75,59,74,
86,30,45,27,54,62,81,22,88,82,94,74,88,11,36,22,56,26,98,43,36,81,48,64,21,28,74,76,42,18,14,22,73,75,77,74,79,91,61,43,77,23,22,26,92,62,49,29,76,25,53,96,11,10,55,69,97,27,48,66,43,25,92,27,
66,78,20,45,22,25,38,23,54,66,71,96,96,86,71,32,97,65,11,92,30,59,27,97,82,26,60,22,94,83,71,38,70,55,47,14,43,28,90,32,18,20,97,97,24,97,58,54,98,60,78,25,60,61,44,99,97,97,51,26,13,95,86,98,
83,47,24,53,13,17,69,50,15,37,80,47,19,53,70,76,73,40,50,53,30,42,80,37,98,48,11,79,34,61,21,41,86,62,12,43,12,17,25,29,17,23,39,35,47,99,17,59,45,39,19,71,95,13,72,97,51,75,40,15,88,60,58,31,
34,88,13,81,92,36,52,68,74,77,62,76,52,95,39,37,51,15,16,54,54,79,87,33,19,81,39,34,37,53,51,45,32,24,24,85,86,32,21,65,77,34,65,24,35,95,39,37,62,29,36,96,65,20,98,16,99,82,59,66,97,50,38,93,
14,53,10,48,20,22,13,67,13,68,57,78,86,36,70,99,60,20,74,10,86,96,62,76,92,23,30,74,58,75,44,92,68,93,80,21,61,79,78,20,59,41,81,86,90,50,12,92,38,30,74,89,92,39,62,32,69,61,48,48,85,93,38,89,
37,29,39,59,64,17,39,24,57,26,37,15,69,11,56,92,62,56,36,91,35,71,64,38,90,43,23,29,45,45,17,18,13,18,12,37,60,12,54,78,30,79,43,46,16,77,23,96,68,17,68,96,37,97,66,93,18,63,74,99,85,45,13,95,
49,95,53,55,70,66,96,82,49,97,39,30,17,53,71,87,47,41,84,45,19,18,76,45,51,27,40,38,53,26,60,48,90,38,70,15,56,54,65,68,18,55,50,35,86,33,77,53,95,96,90,53,27,79,46,41,50,61,33,81,52,22,75,68,
39,26,95,38,32,72,93,70,12,27,91,24,95,69,39,57,70,34,75,98,10,64,40,33,41,28,15,26,56,12,71,62,23,11,38,35,20,43,94,30,51,46,56,30,90,70,19,37,63,73,28,98,26,80,31,30,40,87,30,22,97,60,64,36,
28,28,81,57,65,54,30,20,32,26,75,23,83,12,32,29,63,90,33,52,53,89,77,95,61,48,92,85,43,78,83,77,86,74,84,97,50,86,75,39,98,23,77,53,18,70,49,75,35,92,89,39,36,36,44,40,76,23,79,77,62,89,25,10,
32,25,31,78,62,54,41,26,65,86,40,26,14,63,38,43,44,12,95,94,34,15,73,94,86,77,26,42,25,96,25,87,46,89,17,15,92,97,30,87,31,22,54,79,14,18,74,32,60,41,52,11,18,75,52,18,66,83,54,85,90,41,17,19,
48,78,33,73,34,12,74,77,46,21,55,11,77,11,76,77,60,94,40,34,82,43,80,36,91,93,92,85,71,67,38,17,45,40,98,55,72,98,62,59,25,30,50,69,78,85,43,56,24,86,37,64,67,33,76,98,69,57,48,82,91,28,97,55,
14,42,53,38,90,73,91,26,94,55,45,80,58,95,48,96,21,17,94,75,23,20,88,35,89,59,61,41,96,32,51,15,39,42,37,15,53,51,46,17,22,73,82,50,25,43,55,70,94,47,21,91,26,58,80,32,54,17,80,56,27,18,13,54,
21,58,70,50,30,95,67,87,14,70,49,52,85,56,38,82,45,89,68,67,60,42,82,39,41,84,70,35,84,27,13,24,78,82,65,31,86,11,78,49,89,49,24,77,50,85,61,91,24,61,82,72,48,70,23,48,46,48,65,95,53,75,90,64,
45,19,71,33,11,18,98,38,67,92,11,78,34,47,17,66,68,96,44,27,78,36,53,95,42,28,59,39,15,35,44,80,21,78,93,71,46,49,45,36,82,50,17,87,63,44,65,38,79,23,59,98,67,80,16,76,42,44,19,53,58,48,84,41,
26,99,49,99,68,85,39,86,79,88,35,42,23,75,13,20,13,41,28,62,44,23,35,91,81,92,12,68,94,64,83,49,45,65,61,99,95,22,97,82,67,51,20,86,75,80,19,15,80,86,58,19,36,57,66,60,28,76,29,15,93,35,47,52,
97,21,47,26,30,81,29,41,62,12,30,13,48,92,65,99,81,97,62,23,68,58,42,71,58,70,82,34,32,18,44,88,49,18,38,87,76,44,66,26,29,90,60,15,13,44,90,23,30,87,71,51,62,34,28,37,90,64,53,62,41,10,64,13,
14,33,87,36,11,30,62,82,22,10,96,40,89,75,22,73,78,86,12,63,13,53,22,76,94,62,48,41,61,55,25,80,64,57,22,48,76,31,26,83,92,56,70,92,56,12,43,47,71,65,65,64,54,92,19,41,24,71,26,54,81,13,30,19,
17,69,28,46,25,98,50,37,25,62,92,45,37,80,52,88,58,47,50,45,60,66,21,89,27,34,33,72,30,46,45,45,16,84,14,95,42,85,25,39,56,32,49,90,65,20,71,43,81,69,45,57,78,64,24,46,48,44,49,79,48,73,46,49,
88,98,14,76,77,90,83,68,75,37,72,18,50,78,51,31,41,97,13,73,52,18,83,29,91,69,93,37,58,75,41,31,24,52,35,66,37,65,76,66,98,56,85,54,17,71,40,65,87,54,84,97,37,82,98,89,92,77,43,88,58,38,95,93,
45,56,61,93,47,61,24,46,95,73,62,89,95,77,29,83,53,92,58,41,45,34,71,29,68,32,63,88,37,30,72,83,43,29,80,77,67,53,12,89,20,87,38,26,21,16,89,37,74,55,47,98,49,88,57,31,70,24,85,13,64,43,19,43,
85,12,24,15,61,35,31,44,40,52,57,17,67,11,32,77,16,75,86,76,13,32,48,42,81,74,68,66,57,74,68,41,20,34,95,31,58,23,81,91,93,35,69,42,21,48,68,30,20,42,74,18,92,89,42,27,19,98,78,31,59,26,47,51,
79,84,26,40,89,58,39,30,88,85,48,64,86,45,72,50,93,90,48,15,88,47,64,18,42,27,33,50,21,50,69,12,65,72,96,48,85,48,97,31,37,22,41,98,80,18,44,13,68,20,72,32,51,67,88,16,83,67,18,48,15,96,20,28,
94,15,21,48,19,85,20,32,47,72,29,45,13,53,67,75,53,90,58,14,80,90,69,13,83,83,59,97,40,39,73,80,97,25,63,60,96,28,30,23,66,47,38,96,54,23,33,28,52,70,16,36,70,22,94,64,79,14,26,85,73,39,34,28,
70,60,42,28,16,24,34,22,23,61,65,60,70,16,96,83,47,36,85,99,44,40,74,81,66,30,99,94,68,19,14,19,74,61,41,93,70,38,13,22,33,40,93,16,11,24,98,74,29,77,48,19,37,65,35,59,50,22,77,35,90,91,35,47,
59,23,10,19,69,48,63,35,81,18,47,64,27,60,86,79,15,22,84,14,65,72,48,82,26,64,22,79,89,25,46,92,29,12,67,42,91,99,79,79,39,34,52,69,48,50,82,98,22,51,34,29,69,42,12,63,91,65,97,48,97,73,48,97,
85,64,37,60,48,52,19,52,80,55,49,53,51,52,18,30,54,46,98,88,53,35,71,31,84,19,74,36,97,76,60,66,45,16,39,40,57,95,89,18,32,90,63,21,66,33,19,12,52,95,83,83,53,65,66,56,13,28,57,38,32,82,55,69,
78,25,95,98,49,78,82,38,38,45,91,43,18,29,88,88,80,78,79,28,61,34,52,53,75,80,18,20,63,37,71,81,53,30,61,22,46,25,77,51,68,27,71,39,94,26,74,44,76,44,61,89,52,88,90,74,34,78,93,72,16,70,11,32,
27,36,24,42,70,68,71,54,98,41,76,40,79,59,56,95,63,25,98,72,40,34,26,63,48,72,69,81,82,39,22,86,74,88,22,97,93,87,46,72,61,54,20,82,81,46,17,34,41,50,75,65,23,92,76,67,34,70,73,52,59,11,89,24,
59,22,58,89,74,88,20,36,38,56,97,56,64,71,15,58,70,54,86,75,12,23,25,26,13,91,86,78,88,91,29,34,42,94,53,71,31,23,46,14,89,87,18,67,81,41,26,63,73,58,51,72,75,88,82,12,90,90,29,30,74,57,93,39,
68,72,96,21,98,73,51,18,11,14,95,94,81,62,42,73,63,94,76,63,63,48,80,18,44,90,92,51,88,91,38,81,78,29,39,40,44,61,92,93,84,54,78,88,61,69,50,42,34,87,96,14,80,37,17,47,65,94,35,25,13,18,87,57,
53,68,35,69,44,94,56,20,75,53,11,70,27,95,88,36,56,59,85,42,67,18,27,73,27,31,65,79,52,98,66,83,37,32,11,97,38,67,54,87,51,55,28,41,61,71,76,51,26,18,94,28,11,40,35,87,70,59,17,71,77,17,42,56,
80,84,23,14,26,36,60,18,45,19,84,57,53,57,27,64,30,69,26,98,34,11,29,43,40,71,12,95,64,76,90,11,36,31,41,80,81,14,97,47,74,75,51,64,61,70,17,87,67,74,94,88,76,86,66,56,50,80,80,31,83,87,14,20,
96,38,43,19,67,77,73,70,92,80,45,99,20,48,66,53,59,54,97,98,57,41,12,65,21,75,15,43,79,51,51,26,88,28,13,80,18,74,14,70,46,18,46,40,72,57,54,64,91,39,93,91,39,94,88,67,59,55,20,99,38,74,70,12,
75,64,55,28,22,17,96,45,18,50,78,87,45,71,18,89,30,64,47,34,76,18,13,59,81,39,56,94,61,10,74,85,14,49,42,85,18,29,30,85,18,94,86,92,81,88,48,92,38,71,75,85,24,94,23,23,97,14,25,44,12,97,38,75,
94,19,74,83,41,34,23,42,32,75,88,57,24,55,18,46,40,72,86,34,62,45,35,75,70,20,14,49,75,23,38,52,46,72,18,82,74,41,65,84,14,12,57,14,26,22,56,96,87,92,73,27,52,52,53,34,91,86,44,64,25,47,38,82,
11,48,71,98,63,64,94,92,82,18,74,42,98,38,79,50,15,26,82,57,80,99,95,66,37,62,93,39,85,82,31,26,20,68,13,38,20,45,98,75,89,34,16,16,81,78,34,46,73,36,87,66,43,93,92,62,57,28,55,71,28,15,77,78,
69,32,68,40,95,44,43,64,88,22,78,89,22,43,25,79,89,26,58,78,34,87,38,18,70,75,95,46,48,59,45,28,13,57,20,55,91,94,60,71,32,27,37,75,17,21,35,43,84,15,77,74,63,83,59,58,99,19,27,82,34,73,76,96,
43,15,76,84,18,16,68,94,14,47,83,19,39,18,86,32,59,17,33,40,78,28,84,80,19,87,54,23,78,75,15,67,98,54,61,60,10,54,93,86,32,54,53,45,33,52,39,50,61,53,27,78,16,50,84,49,87,29,17,71,32,85,19,46,
77,12,63,33,24,98,99,65,94,72,40,72,97,85,21,77,20,95,51,27,34,52,23,71,40,56,34,40,45,70,81,26,85,16,54,56,56,57,50,66,15,40,45,78,53,42,17,40,51,91,22,77,18,51,25,38,19,67,28,53,17,38,61,89,
24,43,76,90,94,86,91,64,82,42,32,50,67,59,59,31,61,99,96,52,85,87,31,57,23,98,76,88,78,82,82,37,71,78,75,23,40,23,80,86,47,19,70,71,26,92,42,67,93,45,39,48,64,39,24,18,29,62,93,53,91,20,51,23,
26,68,62,23,67,58,79,40,32,47,97,61,34,30,96,55,50,31,77,13,79,85,65,38,17,56,17,24,47,56,16,51,53,69,37,36,15,63,84,46,68,88,86,17,81,14,53,98,57,59,61,36,54,86,62,63,24,22,89,50,14,83,97,15,
22,16,62,24,90,46,96,14,80,85,74,41,27,95,69,68,49,34,44,85,98,97,88,81,83,80,85,33,76,46,89,61,90,79,53,35,14,51,92,13,97,59,80,70,25,92,10,47,12,62,33,14,96,17,51,11,89,17,45,46,16,68,27,44,
63,25,52,68,11,28,92,93,62,65,81,19,52,62,86,52,49,61,40,49,79,61,12,24,22,59,11,47,49,81,48,73,35,41,73,37,59,25,43,98,16,85,17,89,28,87,62,72,88,22,36,11,12,69,45,51,18,65,46,25,68,21,13,30,
34,91,78,44,83,92,89,63,48,86,60,95,22,55,11,51,84,87,45,61,36,20,54,71,32,71,40,42,17,33,84,67,12,22,78,40,58,13,19,22,36,29,55,45,61,23,59,73,28,50,68,47,90,79,44,22,50,92,41,82,91,66,45,14,
18,40,10,25,36,17,64,26,62,74,37,71,72,54,14,42,96,56,30,56,25,47,85,44,69,71,19,90,81,43,47,99,88,26,11,35,22,48,11,83,58,86,22,52,58,98,72,86,38,72,54,57,30,14,18,30,11,14,94,60,20,61,55,82,
95,70,94,86,74,45,31,63,74,48,96,24,55,50,35,92,38,32,15,83,13,26,51,41,12,36,72,54,66,93,67,13,72,50,30,67,78,34,14,24,24,54,51,16,44,31,27,79,55,43,37,16,84,62,63,67,84,93,57,68,42,81,38,45,
13,29,52,18,80,68,79,54,68,30,67,37,43,24,91,97,33,68,22,97,79,46,50,31,51,82,48,69,76,55,60,52,39,17,19,56,63,91,95,24,18,97,17,94,34,51,50,12,68,91,49,38,92,45,63,98,59,81,42,39,42,73,26,52,
11,91,61,84,35,71,15,86,97,11,90,89,35,17,65,47,31,21,77,61,64,39,29,97,84,13,51,27,12,64,70,11,10,66,88,14,39,61,37,68,78,51,94,40,21,53,48,94,18,15,92,51,18,48,51,92,62,29,59,37,25,42,82,79,
16,21,60,62,21,74,33,33,65,77,18,46,59,16,68,69,87,29,58,77,34,39,31,20,40,96,55,91,65,35,60,68,46,88,77,88,29,44,88,85,61,34,18,48,60,56,75,79,91,18,62,52,37,13,16,83,20,57,40,95,72,40,96,67,
52,18,51,70,33,71,59,81,53,13,37,70,57,42,43,13,17,73,99,59,17,39,82,46,24,15,70,31,23,33,52,35,72,36,41,29,72,65,40,93,85,96,25,18,93,59,40,95,39,65,15,92,94,54,18,87,94,89,34,40,89,66,66,70,
76,87,92,25,27,50,14,64,22,81,80,86,60,86,86,27,79,17,83,37,12,74,69,21,18,80,95,86,99,80,25,58,96,51,24,97,13,20,20,66,75,74,81,30,16,69,43,88,24,95,63,44,24,93,93,29,46,47,61,52,53,33,13,63,
85,17,62,56,56,42,48,33,89,35,89,79,58,37,85,14,17,18,14,48,29,28,10,93,63,57,57,51,63,55,47,65,54,11,38,78,12,81,89,18,57,84,97,98,86,86,89,13,34,36,99,34,47,56,31,85,23,96,69,67,66,91,12,89,
92,18,61,50,83,26,78,15,79,57,37,34,19,76,14,38,27,85,44,75,73,44,94,20,44,43,41,57,11,39,81,12,40,40,61,28,29,55,21,78,39,34,77,66,44,87,85,12,11,65,93,83,59,90,70,75,13,50,49,78,47,48,15,65,
91,57,58,26,81,67,98,73,13,97,58,33,79,51,31,41,30,98,94,32,35,56,80,79,88,52,18,15,65,97,66,16,62,51,65,26,72,95,68,31,36,19,30,74,62,76,31,48,57,44,16,65,68,41,35,63,37,24,48,11,86,15,44,59,
98,47,20,49,46,54,94,34,37,66,19,50,41,69,83,40,74,38,36,74,29,13,22,78,88,87,93,90,77,85,93,91,39,44,92,46,89,22,63,48,79,11,48,28,28,92,18,20,39,14,17,57,29,58,31,75,96,23,57,42,95,74,50,83,
87,61,41,67,90,30,30,90,55,80,92,99,27,63,74,37,47,78,83,81,93,23,17,67,34,75,22,41,83,69,79,29,64,11,15,28,86,68,70,51,41,98,51,12,69,39,21,91,52,86,38,38,30,11,14,87,42,65,13,52,82,34,73,92,
53,51,66,30,28,44,73,30,67,34,99,72,13,82,35,36,20,85,17,95,38,14,28,48,50,77,88,65,75,80,95,60,27,72,29,12,83,56,16,22,70,35,77,83,15,67,18,18,19,17,91,71,86,37,79,63,42,54,45,64,68,68,37,98,
16,75,80,47,54,87,37,18,46,36,86,35,37,97,25,11,53,86,81,33,62,59,93,52,47,98,58,51,43,71,47,24,66,24,22,65,17,60,21,68,18,45,73,41,43,73,35,93,12,17,39,67,94,37,46,81,20,53,73,54,69,38,95,15,
23,26,50,93,15,40,44,41,51,77,48,72,80,41,95,84,79,20,83,90,46,78,49,79,67,62,53,92,99,44,69,49,96,88,36,49,49,64,27,59,48,84,82,21,93,78,22,73,83,31,51,34,93,49,64,63,66,95,39,17,51,55,92,30,
45,33,40,92,82,17,88,60,95,42,70,77,39,43,32,85,19,50,68,29,64,36,64,77,18,12,21,70,75,94,85,31,55,96,83,77,27,79,76,46,82,18,80,88,52,96,51,65,75,43,36,53,41,79,36,10,30,36,60,94,74,33,80,30,
34,26,10,47,33,38,50,88,73,53,59,36,71,41,32,84,61,13,98,41,96,44,75,70,51,58,11,97,28,49,87,37,61,82,57,44,46,99,63,51,83,27,41,38,84,61,25,20,31,62,59,98,95,64,45,29,14,62,66,35,45,87,29,92,
57,63,91,61,66,37,74,59,38,94,36,12,66,88,48,61,96,46,68,44,81,97,95,23,32,57,98,82,20,47,50,76,76,46,73,24,25,32,13,60,69,21,57,48,53,28,67,33,96,41,67,21,17,73,90,27,30,41,62,42,53,47,55,94,
73,58,27,66,54,35,86,58,11,66,55,10,64,24,22,17,75,70,82,39,78,87,90,51,46,25,69,94,30,27,58,50,96,36,25,62,27,83,32,83,42,86,19,16,40,57,21,31,79,49,33,64,82,69,83,59,58,39,60,47,90,43,67,76,
77,62,38,71,94,13,88,12,87,85,51,14,23,42,79,58,27,67,93,64,66,18,10,38,68,15,56,70,41,92,76,34,98,61,77,20,81,82,31,17,21,91,45,64,51,79,57,76,16,90,58,40,59,22,68,17,51,22,64,71,28,55,11,21,
96,20,42,41,47,61,62,68,70,74,38,79,61,74,88,49,88,89,13,11,77,45,11,56,25,63,54,47,63,74,41,84,80,57,49,98,31,15,85,77,90,13,86,65,91,97,93,44,14,27,84,97,93,84,94,61,97,70,42,16,32,60,53,91,
61,82,98,59,50,77,72,24,20,11,49,92,19,80,41,59,61,61,56,56,92,53,94,71,17,82,83,89,37,91,84,66,14,80,27,54,65,99,30,87,38,50,18,38,34,74,21,69,39,89,63,51,12,94,92,15,50,73,99,15,15,72,35,66,
27,81,97,23,48,91,37,79,25,82,34,62,80,34,65,17,21,57,88,26,58,47,35,74,17,51,22,53,40,60,80,49,36,30,54,98,71,41,27,23,31,66,17,91,32,60,25,97,32,12,96,50,62,21,76,60,24,72,51,16,30,88,32,63,
51,91,77,95,31,76,43,43,51,70,90,36,48,50,40,57,20,95,83,72,23,54,30,96,27,69,35,85,59,49,10,71,81,71,37,31,69,35,78,92,61,58,27,87,40,98,65,49,42,34,17,47,36,77,84,72,48,93,69,69,48,56,27,64,
64,90,49,66,79,54,90,25,28,59,19,83,54,77,61,38,11,21,97,74,76,66,32,79,66,39,18,59,10,25,70,68,44,89,21,52,57,77,24,82,54,66,36,76,48,88,84,91,71,33,90,58,22,84,22,14,23,47,18,37,45,35,31,80,
51,97,26,15,19,93,99,42,75,66,63,92,51,47,58,26,12,38,16,46,78,76,28,68,78,33,24,95,68,34,53,74,90,72,93,66,68,57,85,57,14,18,11,46,49,83,89,85,43,10,16,58,26,74,98,66,70,25,29,12,37,93,31,21,
61,25,24,83,12,18,27,98,84,89,23,42,91,86,28,82,59,28,99,93,52,73,88,53,77,71,35,64,23,48,77,17,54,32,47,33,96,39,61,15,55,95,73,70,97,96,44,89,68,86,41,65,26,29,77,30,39,84,91,64,92,28,54,36,
86,52,44,31,78,94,56,76,28,50,60,79,33,41,86,48,19,58,74,67,64,90,56,45,44,82,46,16,88,65,92,46,18,33,59,40,95,13,11,76,75,52,90,52,27,37,61,51,60,31,95,95,87,24,26,40,16,68,76,16,21,59,34,49,
17,39,35,40,19,82,37,58,72,68,76,70,58,61,75,52,68,23,56,82,27,14,69,53,61,90,34,24,81,31,44,11,93,63,93,34,41,33,51,25,30,12,14,34,92,60,93,14,67,81,96,63,19,30,61,94,71,80,23,84,26,55,76,82,
88,23,86,57,53,21,29,66,38,89,39,54,86,76,49,51,37,27,34,39,94,88,54,13,32,43,31,93,96,99,40,30,60,40,97,75,63,39,60,42,96,44,25,72,61,68,42,40,70,81,26,96,28,32,99,61,37,40,96,11,15,76,75,56,
33,95,92,86,88,71,69,94,34,75,67,62,17,74,40,60,52,34,43,22,89,42,43,90,62,97,57,20,28,27,80,34,62,85,55,14,21,86,44,93,86,38,12,90,51,11,81,31,82,79,25,25,85,56,40,30,79,56,99,62,85,57,25,69,
21,75,22,73,45,88,26,32,37,97,88,16,32,94,21,71,21,77,22,79,89,28,93,56,89,95,33,10,43,87,26,87,39,48,79,40,65,89,41,56,12,52,35,62,23,53,32,16,12,32,19,29,58,83,76,75,46,26,30,92,55,53,66,48,
41,18,91,45,23,88,33,37,49,76,10,49,23,54,95,29,19,24,44,16,48,10,46,40,80,48,47,49,55,77,16,43,76,79,72,91,92,16,35,38,61,74,55,16,28,42,38,29,46,64,77,75,98,59,13,92,91,80,25,72,38,30,58,78,
65,69,66,87,17,56,57,83,67,85,28,81,83,76,42,30,26,63,92,40,15,26,37,95,35,65,28,66,59,56,34,19,39,44,40,49,25,47,17,78,84,52,66,26,49,57,17,62,50,16,19,95,48,15,77,40,63,98,78,12,18,92,96,39,
65,99,54,91,90,78,16,75,66,31,86,74,57,29,77,52,28,41,79,33,62,72,49,69,35,22,38,19,74,88,65,19,21,49,23,75,81,13,93,25,42,66,75,13,95,37,91,42,46,33,60,65,73,38,65,25,52,34,42,42,27,19,35,73,
58,54,85,46,14,62,14,72,31,51,35,21,44,54,59,62,27,52,35,73,87,42,30,38,55,45,34,38,43,10,23,18,59,25,30,94,22,98,45,12,12,11,46,12,65,30,47,61,11,92,30,84,68,89,45,87,49,58,76,42,64,69,77,71,
93,12,24,53,75,39,79,26,20,91,95,67,93,10,93,84,60,83,31,90,86,93,86,59,25,74,82,42,90,40,49,85,62,44,47,63,78,55,19,79,20,45,24,13,34,20,82,22,43,70,34,31,42,94,61,13,31,13,46,57,38,38,31,40,
91,79,31,14,77,96,24,86,81,60,62,98,36,66,12,44,91,76,80,72,71,78,15,75,85,36,15,31,64,27,55,19,20,55,94,46,55,87,61,35,59,90,35,62,38,66,76,69,79,25,14,83,78,19,22,67,42,18,97,19,95,39,11,85,
25,27,72,50,14,83,42,23,89,95,68,46,87,39,49,22,47,71,12,73,99,72,73,52,42,64,56,66,58,65,61,12,98,93,31,19,38,56,15,26,61,91,46,17,58,91,56,82,28,58,97,44,39,36,72,91,45,55,57,76,90,17,71,66,
54,26,59,11,59,48,98,34,86,83,67,53,55,73,18,11,99,65,37,41,36,27,63,90,34,13,72,76,93,45,16,87,73,31,90,78,12,71,76,88,96,74,87,38,75,39,32,43,16,98,99,73,92,76,18,33,80,47,69,25,93,32,67,76,
83,45,38,76,70,49,60,70,12,18,77,24,86,49,44,26,99,66,80,42,89,93,94,13,72,76,66,97,89,87,40,23,37,17,46,65,41,67,48,87,30,18,88,19,60,53,70,83,59,17,69,69,36,82,45,52,36,25,34,20,10,74,50,48,
32,21,84,50,45,32,46,95,87,14,32,97,40,88,40,23,13,94,96,57,70,48,36,90,26,53,43,75,44,12,77,53,32,56,37,57,46,60,65,18,87,69,79,69,55,95,81,90,64,28,87,41,31,42,88,81,83,41,21,98,79,87,92,22,
43,49,86,68,98,67,71,54,98,39,61,75,12,16,96,55,79,92,14,66,26,51,40,32,30,35,71,25,82,34,69,60,34,36,26,98,51,62,57,85,48,95,50,57,99,23,39,11,93,40,92,29,11,77,49,29,62,98,98,47,99,79,97,51,
94,72,11,14,84,93,37,63,53,38,81,77,98,51,79,68,39,42,29,23,31,11,72,28,82,21,74,50,77,66,35,89,78,19,35,96,60,42,23,30,34,75,88,91,28,20,84,23,57,86,52,70,26,56,22,27,60,91,75,13,71,92,32,74,
82,96,86,38,31,26,61,80,37,48,88,52,35,20,75,13,95,28,27,62,42,48,75,82,95,60,47,38,66,87,60,84,40,72,87,31,82,58,67,46,96,75,15,20,93,19,70,68,97,75,37,70,44,57,58,13,60,96,14,13,70,97,40,88,
69,95,22,86,55,69,57,82,84,15,26,93,46,41,31,52,27,65,21,54,96,85,37,14,89,24,71,63,13,50,57,14,86,18,83,92,35,69,64,82,80,83,80,92,74,66,88,36,18,68,13,69,79,57,90,86,36,30,72,39,21,20,39,33,
26,48,98,33,38,59,38,60,10,67,58,17,26,82,32,65,59,27,32,95,74,64,39,80,33,68,27,56,64,57,22,34,57,90,79,14,57,31,72,82,41,69,23,31,17,53,45,92,39,65,96,96,12,48,26,90,66,61,78,92,93,49,95,94,
43,43,18,80,10,97,51,12,35,25,75,23,73,76,35,59,41,54,72,86,59,20,72,47,42,84,35,16,83,97,94,67,20,91,34,95,62,45,96,42,27,27,94,44,80,67,78,23,15,51,30,93,28,82,20,92,95,50,49,48,55,54,42,93,
11,46,16,87,29,49,82,92,37,93,23,90,44,30,63,34,93,80,50,14,15,65,64,57,45,65,30,94,96,68,27,26,34,28,68,42,76,78,99,31,91,19,17,78,43,70,19,22,23,94,85,28,66,96,41,16,47,66,52,69,53,85,69,72,
25,70,85,29,28,31,46,66,70,28,24,83,37,10,92,97,41,36,51,42,34,81,54,24,74,31,67,18,65,44,14,84,31,86,87,21,53,37,59,52,17,59,48,54,35,14,91,81,17,54,52,72,84,19,46,52,24,27,17,40,27,97,18,21,
27,81,21,19,85,92,12,72,50,44,84,80,89,93,49,74,28,50,54,39,47,95,91,85,72,18,16,30,66,73,32,92,70,66,90,50,15,17,25,43,85,59,36,10,25,76,60,76,32,87,81,92,91,49,69,15,84,24,32,65,77,78,96,51,
17,37,88,46,54,11,15,56,90,51,25,75,22,73,40,17,67,59,84,21,48,45,21,51,60,11,29,14,83,76,88,23,95,64,53,32,24,74,42,48,81,96,14,92,77,36,53,83,23,20,48,58,27,11,73,65,51,90,96,62,89,45,98,85,
39,57,44,62,11,21,75,41,22,23,77,90,45,85,95,42,27,65,79,28,92,75,91,65,76,25,53,65,38,57,96,46,68,84,32,43,76,34,37,70,86,87,25,13,93,81,78,32,82,65,90,35,39,81,77,52,40,93,49,50,62,77,56,88,
70,30,11,73,74,18,32,81,59,64,53,41,69,62,26,59,54,62,98,22,11,13,23,41,90,33,65,28,18,78,85,51,93,17,65,37,53,58,34,97,67,41,99,49,22,52,80,50,15,14,11,44,76,44,93,14,66,95,23,26,89,70,96,52,
16,91,17,25,27,28,52,93,69,95,39,96,52,62,29,62,82,50,83,33,65,50,13,78,13,67,40,91,56,23,71,87,76,90,21,98,28,59,47,73,79,48,43,80,19,95,75,61,31,16,23,93,30,24,74,46,60,25,37,52,60,52,74,43,
60,86,36,50,23,85,20,77,51,76,83,61,72,70,62,27,15,16,21,27,70,77,62,22,92,95,68,12,96,66,85,88,67,68,85,73,80,95,42,67,85,49,53,37,84,51,49,69,20,28,11,70,94,17,24,14,90,92,38,21,74,77,27,27,
24,83,86,39,81,46,65,57,15,17,67,13,36,54,87,28,33,92,29,22,58,57,26,97,49,97,30,12,72,82,58,11,34,40,85,16,77,80,53,11,79,35,20,45,25,19,77,43,23,51,61,12,29,75,15,94,87,68,55,72,56,63,69,98,
34,48,28,62,63,52,58,99,63,61,60,69,42,28,33,98,66,60,73,23,77,64,54,90,14,84,90,95,73,52,54,40,81,60,78,27,67,43,64,91,46,49,83,16,23,61,38,63,69,57,47,93,67,65,38,16,58,22,43,51,36,67,58,81,
91,68,94,83,75,31,92,60,77,95,25,39,41,14,66,32,91,81,80,39,38,87,51,94,42,93,15,13,51,64,71,62,87,11,15,96,77,27,89,17,18,68,35,45,79,71,46,52,96,21,63,84,47,89,25,63,73,27,14,75,43,31,29,86,
99,63,88,32,37,22,33,69,69,30,23,56,17,96,67,14,96,25,97,48,51,36,75,78,43,38,66,83,57,87,27,15,33,99,69,13,99,53,47,96,43,93,47,34,53,16,41,64,66,89,78,68,44,25,72,71,11,49,63,14,55,17,83,68,
14,22,83,46,75,57,88,79,55,50,51,48,71,64,39,75,50,78,47,76,27,13,18,23,19,75,67,54,83,17,90,54,29,46,89,27,84,24,50,92,33,24,36,89,40,95,79,47,95,83,31,95,64,78,17,71,18,41,17,56,65,76,69,52,
49,46,98,53,40,52,77,62,76,66,52,46,98,56,85,70,94,12,23,54,41,21,50,90,47,84,60,11,87,12,32,30,70,77,44,32,35,98,59,65,85,43,95,59,21,79,34,48,79,74,23,24,27,21,30,18,48,81,44,18,23,94,23,40,
60,64,68,49,20,84,94,69,87,12,21,38,35,77,51,80,54,33,30,96,38,57,15,23,58,53,93,98,60,56,15,94,64,67,36,77,27,48,76,68,84,70,53,70,34,87,48,30,69,73,50,27,11,43,43,16,58,77,82,62,11,82,65,72,
28,77,97,11,36,98,53,29,29,69,62,84,62,46,44,40,40,88,53,58,80,39,87,43,87,95,31,81,18,69,58,45,44,17,80,54,68,31,52,45,48,52,83,65,69,36,68,95,84,92,54,21,69,98,13,91,28,52,84,52,17,35,81,16,
32,43,86,27,33,75,43,30,55,31,75,66,13,75,78,70,90,61,13,26,17,18,93,17,18,58,17,56,79,53,77,58,12,79,41,60,58,82,86,63,94,46,83,51,38,29,73,11,73,48,55,11,96,34,41,46,69,63,31,95,97,40,35,95,
88,65,97,96,24,43,52,28,67,87,58,56,15,32,56,57,80,83,77,58,83,99,20,13,82,82,88,61,37,87,40,46,66,43,57,23,20,68,43,60,64,24,14,91,53,48,77,41,69,91,62,57,22,15,50,16,76,67,83,16,96,78,18,94,
17,53,19,81,53,69,50,73,20,11,67,85,36,45,69,68,12,74,75,92,89,72,91,28,48,12,73,82,33,76,86,98,35,56,73,95,86,12,60,73,38,35,72,39,55,61,84,76,67,41,18,15,83,89,53,23,69,30,76,50,39,22,46,32,
30,96,86,88,20,18,75,14,82,69,79,59,24,52,81,65,10,64,24,25,47,68,31,60,43,50,71,96,17,84,79,70,21,83,46,65,24,20,19,18,30,85,91,43,13,26,79,59,79,23,70,62,70,87,83,97,82,48,32,70,49,56,29,64,
28,96,24,51,18,28,38,22,88,86,60,85,98,34,64,40,68,52,25,82,52,83,27,52,11,84,81,98,76,33,77,86,73,10,54,91,49,36,58,92,41,15,73,66,39,22,33,52,80,47,92,24,86,95,46,35,64,42,26,58,54,97,56,20,
36,97,66,22,91,22,80,82,88,36,65,92,87,80,85,54,62,78,22,92,92,59,79,63,90,72,70,19,70,92,69,22,44,64,88,73,93,38,73,16,79,10,72,33,96,39,83,58,32,90,93,41,37,50,16,58,44,73,56,35,54,34,72,74,
27,97,59,64,34,84,63,51,42,35,11,61,96,95,90,65,75,80,70,82,37,70,85,21,62,67,20,46,60,75,57,81,34,33,45,71,67,64,61,17,84,23,56,46,63,66,20,22,49,70,94,53,21,67,45,80,13,96,70,82,37,39,43,22,
